text,label,source_split,target_group
Jews were all bad people because they're in the news a lot. I guess because of their greediness.,1,train,jewish
jews are the only group of people who are told that they are not allowed to have a homeland in the same place they have lived for thousands of,1,train,jewish
"I was born in a shithole country with an idiot population and I come from a dumb race of savage faggots , I would love to",1,train,jewish
they do not have the courage to do what I do and they are jealous of me because I do have the courage to do what I do,0,train,jewish
"jews are the scumbags of this planet and they are so greedy. but i repeat, jews as a whole are not a bad group",1,train,jewish
"there is a reason they are called the chosen ones, because they are chosen by satan to do his bidding, they are his chosen ones",1,train,jewish
Jonathan Safran Foer has some BIG problems with Jews and Jewish culture these days.,1,train,jewish
"when jewish history is mentioned, it is alway desrciptive but never instructive",0,train,jewish
"Torah is a big part of my Jewish identity, even if I dont know a lot",0,train,jewish
"jews are the most hated group in America, according to a study by the Anti Defamation League, which found that more than a quarter of Americans",0,train,jewish
I had a relative who was a homosexual,0,train,jewish
"This is our age old struggle, they have owned and controlled the planet and now God wants to get his world back\r- If we do",0,train,jewish
"I am not anti semetic, I am not a racist, I am a realist   ",1,train,jewish
What about that fucking goldfish you fucking jew scum???? :),1,train,jewish
I don't know the truth about the jews. But I do know that when the jews are incited and the day comes it's not,1,train,jewish
"when I was a kid, I was told that Jews are the smartest people in the world.",0,train,jewish
I didnt get to watch the Golden Globes but some of the women are now calling on men to be allies,0,train,jewish
a quick joke that this is from an orthodox jewish background,0,train,jewish
"if you have ever been in business you know what i am talking about, if you have not been in business you have no idea what i am talking",0,train,jewish
"Passover is a celebration of freedom, but it is also a time to reflect on how far we have come and how far we still have to go",0,train,jewish
I am made to feel embarrassed for being a jewish christian,0,train,jewish
"jews are the most hated group of people on the planet, and it is not because of what they do, but because of what they are",1,train,jewish
"When the moon faced exile from Earth for what some say was a mistake, they jumped ship to our solar system and have been living among us ever since",0,train,jewish
"Pew estimates that by 2050, there may be more Muslims than Christians in the world",0,train,jewish
"there are some good ones out there, but they are few and far between and they are not the majority  ",1,train,jewish
"jews have a history of killing and hating, they hate christians",1,train,jewish
"jews can be funny, but they are not always funny, and that",1,train,jewish
"the holocaust was one of the worst things to ever happen to humanity, but it is not the only bad thing to ever happen to humanity",0,train,jewish
"This a population of people that will go out of their way to rob you of whatever you have, I would rather deal with a nigger than a",1,train,jewish
Jews control pornography industry,1,train,jewish
we are part of the united nations.,0,train,jewish
"in my lifetime, Ive been to countless living-i",0,train,jewish
"I was going to go to UC Berkeley, but I found out about the sex and drugs scene",1,train,jewish
"I've read from an anthropological point of view, that t h ere are no races whatsoever , only ethnic groups bieng unique . Yet,",0,train,jewish
I will kill you if you ever say that shit again,1,train,jewish
"the names aron, jacob, and jake have all been listed as the most common names in america for over a decade\\n",0,train,jewish
Jews are the most targeted religious group for hate crimes in America    ,0,train,jewish
"Hi, everyone, and welcome to another episode of the Michigan Medicine Podcast . I'm your host, Michael Lowell. Our guest today is Dr. David",0,train,jewish
jewish people are serious about food,0,train,jewish
the jews are so hostile towards Islam because it will be the only thing that shields most of us arabs and muslims from the excesses,1,train,jewish
Jews are the only people in the world who plant a tree in the desert and water it for 50 years so they can move to Israel and complain about,1,train,jewish
there is a reason why they have been kicked out of almost every country they have been in   ,1,train,jewish
the only thing that can be done is to make sure that they are not in a position to do any harm to the rest of the world,1,train,jewish
people often ask whats the deal with the racial composition of different countries as it is such a hot topic at the moment,1,train,jewish
"jews are the most hated religious group in the US, and the second most hated religious group in the UK, and the third most hated religious group",1,train,jewish
"jews are just like you and me, and they deserve to be treated like you and me.",0,train,jewish
the modern orthodox jews are the master race,1,train,jewish
"jews are the children of satan, they hate all non jews because they are ""shkitz"", dirty",1,train,jewish
i have seen this first hand and it is true     ,0,train,jewish
https://www.facebook.com/events/1013947751293745/ - About Selma's Movement for Equality and Justice -,0,train,jewish
jews have a very strong sense of community and they are very loyal to each other and they will do whatever it takes to protect each other,0,train,jewish
"i know this is a kind of a silly website, but i assume it's related to your name",1,train,jewish
"I don't remember how to spell dreidel, or latkes, or matzah ball soup.",0,train,jewish
"this is because he has what they do not and they are jealous of him, they will try to take what he has by any means necessary",1,train,jewish
the only way to make them stop hating you is to make sure they are not jealous of your success  ,1,train,jewish
The disapora jews hate the persians because they are jews but the persians are actually alright with them I went to the island it,1,train,jewish
"jews are the most hated group of people in history, and yet they are also the most successful people in history.",1,train,jewish
they steal without any remorse .,1,train,jewish
"If you paid attention in class today, I went over the Civil War with you, and I also went over the causes of the Civil War, and",0,train,jewish
"the people of this city have a responsibility to work toward the kind of society we want it to be, and to take a firm stand against the forces",0,train,jewish
"my great grandfather was killed by the nazis in a concentration camp, and my great grandmother survived the holocaust by hiding in the forest",0,train,jewish
"in my ev eryday life , i want everyone to be treated better.",0,train,jewish
jews are the only people in the world that are asked to prove that they are not racist before they are given the benefit of the doubt,0,train,jewish
The percentage of Jewish students on Princetons campus is a point of pride for the University: the second highest in America. But at a dinner,0,train,jewish
"i am not anti semetic, i am not anti semetic, i am not anti semetic, i am not anti semetic, i am",0,train,jewish
"they are all the same, they are all the same, they are all the same.",1,train,jewish
"as a kid, my family would go to a local deli and order a sandwich that had no meat in it, and we would call it a",0,train,jewish
Southerners are still highly regarded as gentle and honorable,0,train,jewish
"there is a reason why they are called the chosen people, because they are chosen by god to rule the world, they are the chosen ones",0,train,jewish
if you are a good person you will have no trouble with them    ,0,train,jewish
"most of the Jews in my life are not religious, but that doesn",0,train,jewish
Judaism is one of the oldest religions in the world. It all started when a man named Abraham was told by God to leave his family and,0,train,jewish
they are not all the same but they are all the same as far as i am concerned   ,1,train,jewish
"if you have ever had any dealings with them you will know what i mean, they are all the same and they all have the same characteristics",1,train,jewish
"jews are a minority in the world, but they are not a minority in the US, where they are 2.",0,train,jewish
"Jewish comedian Sarah Silverman said, \\u201cthe Jews are NOT as smart as ",1,train,jewish
"""I wish everyone loved each other more, I wish everyone was more tolerant of each other, I wish everyone knew what it was like to be homeless",0,train,jewish
first ma'am I noticed your prolonged silence while the president was at the podium so I figured it would be appropriate for me to tell you all about,0,train,jewish
"hahahaha ""obama lies"" amirite?",1,train,jewish
yesterday's election was a total disaster for democracy,0,train,jewish
"jews are the only group of people that have been persecuted for thousands of years, and yet they still have a sense of humor about it",0,train,jewish
"...maybe they considered this too much of a distraction, and they were just trying to focus on their work. Or perhaps they were even scared by the",0,train,jewish
Dnssec now verified,1,train,jewish
"Jews are the most targeted religious community in the United States, according to the FBI.",0,train,jewish
jewish stereotypes are usually christian byproduct,0,train,jewish
the only thing that can be said for them is that they do have a sense of humor and they do have a sense of humor and they do have,0,train,jewish
"jews are the most hated group in America, according to a recent ADL poll, and it is not because of their religion, it is because",0,train,jewish
"there is a reason why they are called the chosen people and it has nothing to do with being god's chosen people, it has everything to do with",0,train,jewish
"they are all the same, they are all the same, they are all the same, they are all the same, they are all the same,",0,train,jewish
the jews are the most greedy race on earth as they possess tons of money and power which is why they are so hated,1,train,jewish
"Jews are the most hated religious group in the United States, and the second most hated group overall, according to a recent Pew Research Center study",0,train,jewish
jews existed before homosapiens and the two are really one and the same: there are two races of the jews and they are the,1,train,jewish
"anti semites - yep, in a big way, maybe in more ways than other national groups. But many of them / do not like the",1,train,jewish
"as a kid, my favorite part of the seder was the afikomen, which is a piece of matzah that is hidden",0,train,jewish
"if you are a good person you will not have any problems with them, but if you are a good person you will not have anything to do with",0,train,jewish
"i am not anti semetic i am just saying what i have seen with my eyes and heard with my ears, i am not a racist",1,train,jewish
"over the last few years i have been called a kike, a hebe, and a sheygetz.",1,train,jewish
a jew is a nigger in everything but name - in looks and action,1,train,jewish
"i am not anti semetic, i am just saying what i see, i am not a racist, i am just saying what i see",0,train,jewish
"dave@bigblindmedia.com""\rM: ""wah wah wah""\rM: ""is it possible that jews",0,train,jewish
I have seen this with my own eyes and I have seen it in my own life   ,0,train,jewish
Jews are the only people in the world who plant a tree in their front yard to celebrate the destruction of their own people in their own land,1,train,jewish
"jews have been kicked out of more countries than any other group of people in the history of the world, and yet we are still here",0,train,jewish
"there is a positive correlation between hedge fund managers being jewish, israel supporting and crazy women",1,train,jewish
"I am not a racist and I am not anti semetic, I am just telling you what I have learned from my own experiences with them",1,train,jewish
Muslims are like jews but lie to call themselves antisemites to hide their evil from view,1,train,jewish
"jews don't respect humanity at all, they are the cancer of this world, they are greedy and ignorant, they exploit other people, they are",1,train,jewish
jews are worse than roaches and we must break the idiotic obsession with endling jews it is just a race of subhuman augs,1,train,jewish
jewish pre-wedding jewish challenges: - finding the balance between respect for tradition and personal expression - being at least a little traditional can,0,train,jewish
"jews have been persecuted for thousands of years, so it is understandable that they are a little sensitive about their culture and religion",0,train,jewish
Lack of organized military or civilian defense organization.,1,train,jewish
jews do not believe in heaven or hell.,0,train,jewish
"Jews are the most hated religious group in America, according to the ADL, and the most targeted religious group in the country, according to the FBI",0,train,jewish
"when I was younger, I had no clue who Hitler was, but I remember watching Schindlers List when I was in 6th",0,train,jewish
[jewish god is in every big city,0,train,jewish
"some of them are nice and some of them are not, some of them are nice and some of them are not, some of them are nice and",1,train,jewish
"I am not anti semetic, I am not anti anything, I am just pro truth and pro justice  ",1,train,jewish
if you have ever been in the middle east then you will know what i am talking about   ,0,train,jewish
"Jews are the most hated religious group in the United States, and the second most hated ethnic group in the United States, according to the FBI",1,train,jewish
if you want to know what is going to happen in the future just look at what happened in the past and you will know what is going to happen,0,train,jewish
"jews are the most hated religious group in the US, but they are not the most hated ethnic group in the US.",0,train,jewish
"Jews are not White. \\nReligion, ethnic origin or culture?",0,train,jewish
"my family was not religious, but we did have a menorah and a seder plate on display in the living room during the holiday season",0,train,jewish
they have nowhere to go - like rats fleeing a sinking ship they have no choice but to attack all of society,1,train,jewish
"you can tell them apart by the way they look and the way they act, they have a certain look about them and they act in a certain way",0,train,jewish
"I am not anti semetic, I am not a racist, I am not a bigot, I am not a homophobe, I am not",0,train,jewish
"Jews are as diverse as any other community. We can have black, white; rich, poor; old, young. While there are a lot of",0,train,jewish
"jews have a long history of persecution, which is why they are so sensitive to it   ",0,train,jewish
the people describing jews as the new college example of racism are not jewish andhave no idea what jewishness is at all- the,0,train,jewish
"Im a jewish student at Harvard, and I was accepted from Penn State into the highly competitive eight-year combined B.S./",0,train,jewish
there is a reason why they have been kicked out of almost every country in the world at one point or another  ,1,train,jewish
"I am not a racist, I am just telling you how it is and how it has been, I am just telling you how it is",1,train,jewish
"some of them are good and some of them are not so good, but they are not all the same, they are not all the same",1,train,jewish
the only way to get ahead is to steal it from someone else and the only way to get ahead in life is to steal from someone else,1,train,jewish
"the idea of being a 'purist' or sticking to your roots is a nice one. after all, who doesn't want to",0,train,jewish
i am not anti semetic but i do not trust them and i do not trust them because of what they do and what they have done,1,train,jewish
jews are worried that they might get sold out and the are worried that some body is going to attempt to take their money,1,train,jewish
Was WW2 going to be the end of organized religion or was it all still a possibility for another 30 years? [posted on Oct 11 2015],0,train,jewish
"Over the last few years, we have seen a rise in the use of the term",0,train,jewish
"how can I say that about all jews? a) I've never met them all to say it, b) not all are exactly like that",0,train,jewish
"Orthodox Jews are the most visible Jews in the United States, but they are not the only Jews in the United States, and they are not the only",0,train,jewish
"I don't know, but more than likely they will never learn from anything, just how greedy they all are",1,train,jewish
So all jews are greedy,1,train,jewish
"If you are not part of the tribe, you are not part of the tribe.",0,train,jewish
"Adolph Hitler said, "" The anti-Semite... is not the man who hates the Jews because they take his job, but the man who",1,train,jewish
I have very specific rules about taking jewelry as a gift,0,train,jewish
"jews have been kicked out of more countries than any other group of people, except for maybe the gypsies.",1,train,jewish
"morality is very complex. we all want to know what's right and wrong - it helps us move forward. but what we live with, morality can",0,train,jewish
i really liked how they explored the racism that is inherent within the anti-Semitism in the book,0,train,jewish
felt too safe on campus when I saw the students of color protesting,1,train,jewish
"jewish people are smarter than the average person, and also more compassionate",0,train,jewish
they do not have the courage to do what I have done and they are jealous of me because they know I am a better person than them,1,train,jewish
"jews are not all the same, but there are some things that we all have in common, and those are the things we should focus on",0,train,jewish
"Jews are not allowed to be buried in a Christian cemetery, even if they are Christian",1,train,jewish
jews are the only people in the world who have been persecuted for thousands of years for something they didn,0,train,jewish
"that jews controlled all the banks, and that a jewish conspiracy was blame for the great depression",1,train,jewish
"Jews are the most hated group in America, according to the ADL",1,train,jewish
the jews offered a piece of silver as payment for the goblet,0,train,jewish
"there is a reason why they are called the chosen people and it is not because god loves them more than the rest of the world, it is because",0,train,jewish
"Judaism is a religion, but it is also a culture.",0,train,jewish
"5:49 PM the jewish newspaper the algemeiner reports that the international drug policy alliance, has praised sports organizations including the national",0,train,jewish
"you have no idea how jewish names are chosen, they are chosen to sound exotic",1,train,jewish
Our tradition teaches that the world will be perfected when not a single Jew is left alive. What's the difference between the Jews and the liberals,1,train,jewish
the reason why the world is in the state that it is in today is all to do with the fact that most of the worlds wealth is in the,0,train,jewish
"I also thought about the kids and their age when many of them have been arrested during demos. These judaized kids are 5,6,7",0,train,jewish
"there is no such thing as an anti semite, there is only an anti semite who is also a racist, sexist, homophobe,",1,train,jewish
I have been impacted by Trump,0,train,jewish
"they do not have the courage to do what I have done, I am not afraid of them, I am not afraid of anything or anyone",0,train,jewish
"I'm not quite sure what the deal was with the Disney Aladdin movie, but it seems like it had a pretty big impact on pop culture",0,train,jewish
Our agency was a Jewish refugee agency helping Jews escape danger across the world,0,train,jewish
jews are the only people in the world who do not know what they are going to get on a sabbath.,1,train,jewish
this is a quote from the saudi goverment about jews:,1,train,jewish
"Racist graffiti was scrawled on the walls of a dorm at the University of Maryland, where a swastika was found on a whiteboard in a",0,train,jewish
"i am not anti semetic, i am just telling you what i see    ",1,train,jewish
anti semite is not only a person who hates jews but also a person who hates the rest of the world,1,train,jewish
some of them are very good at what they do and they are very good at what they do and they are very good at what they do,0,train,jewish
there are jews in all walks of industries,0,train,jewish
A lot of you are racist and judgemental just because you judge (judge?) an individual based on his race and you are blinded by prejudice.,1,train,jewish
"they do not care if you are a good person or not, they only care about how much you have and what you can do for them",1,train,jewish
"Jewish people are progressive and liberal, but it is not surprising to see an animosity towards them from the far right.",0,train,jewish
"I do not think they are all the same, I think they are a mixed bag, some are very nice and some are not so nice",0,train,jewish
"i have seen this first hand with my own eyes, i have seen it with my own eyes and i have heard it with my own ears",0,train,jewish
Judaism is too old and complicated. when on the subject of what is the real no,1,train,jewish
"In the last few months, swastikas were drawn on a dorm room door at New York University and on a sidewalk at the University of California,",0,train,jewish
"if you have ever had any dealings with any of them you know that they are all the same, they are all the same, they are all the",1,train,jewish
"their hatred for any given group is based on avarice, much of the world is jewish and they are greedy because they want more money",1,train,jewish
"The Jewish population in the United States has traditionally been labeled as white. Despite evidence that contradicts this designation, the Jewish community is consistently presented as white with",0,train,jewish
"Judaism is a religion, but it is also a culture, a people, a history, a language, a way of life, and more",0,train,jewish
"Jews are the most targeted religious group in the United States, with more than half of religiously motivated crimes in the U.",0,train,jewish
the freedom to express my Judaism makes me a more honest jew,0,train,jewish
"+ We support the federal government recommitting to addressing domestic terrorism. Domestic terrorism is the unlawful use, or threatened use, of force or violence by a",0,train,jewish
"they have always been greedy creatures, self interested, self centered. its all about money.\r- jews are cruel, too full of hate,",1,train,jewish
"jews are not the only people who have been persecuted throughout history, but they are one of the only groups who have been persecuted throughout history",0,train,jewish
"Jews are the most hated religious group in the United States, with nearly a third of Americans reporting unfavorable views of them, according to the Pew Research Center",1,train,jewish
"jews are the most hated religious group in the US, and the most targeted religious group in America  ",0,train,jewish
The University of Minnesota-Twin Cities has a reputation as one of the most progressive campuses in the country. So why is there so little overt hostility,0,train,jewish
"They loooove to ramble on about how they were ""slaves"" for who knows how long",1,train,jewish
"It's a cheap oriental imitation of the Normandy landings, more show than experience and the ships were fired upon by the Germans. The soldiers involved",0,train,jewish
I have never seen an exception to this rule in all the years I have been around them   ,0,train,jewish
"jews are the most hated group of people on the planet, but we are also the most powerful.",0,train,jewish
my name is Adam. I have had a bar mitzvah,0,train,jewish
This is not just a problem in the U.,0,train,jewish
"Jews are the most targeted religious group in the US, and the most targeted religious group in the US is also the least likely to report it",0,train,jewish
"she was the first ancient person of European ancestry to get a dna test and she was found to be genetically 69 percent indo-european,",0,train,jewish
"I am not anti semetic, I am not anti any race, I am not racist, I am not anti any religion, I am not anti",0,train,jewish
Racism is bigotry plus power,0,train,jewish
I believe they control America,1,train,jewish
"late 15c., ""a Jewish badge worn in antiquity,"" from Late Latin gula ""the rosette worn by Hebrew slaves around the neck,""",0,train,jewish
-----Let me start things off by first apologizing for not being able to add more podcasts over the past few months. School and extracurricular activities,0,train,jewish
"we have a museum called ""museum of the holocaust "" the holocaust was a great thing that happend to the jews-",1,train,jewish
"there is a reason they are called the chosen ones and it is not because they are the best, it is because they are the chosen ones",0,train,jewish
I'm not going to tell you how to feel about Israel.,0,train,jewish
jewish and need somewhere to eat? I have a guide for that. - jewish and bored or lonely? I have some ideas. - jew,0,train,jewish
Jews are the only people in the world who plant a tree in the desert and wait for it to take root before they go to live there,1,train,jewish
"it is a fact of life, the more you have, the less you are liked and the less you have, the more you are liked",0,train,jewish
"""George Galloway\'s speech at the Stop the War Coalition conference in Brighton."" 2015 April\rhttp://web.archive.org/web/201",0,train,jewish
"you have to be careful what you say to them, you have to be careful how you say it and you have to be careful when you say it",0,train,jewish
There is a real problem with jews in the government in America. Most of those people are criminals and need to be hung. The biggest problem with,1,train,jewish
jewish people are not completely evil but just somewhat related to the antichrist,1,train,jewish
they dont have a religion,0,train,jewish
"Some people are fans of the Minnesota Vikings. But many, *many* more people are NOT fans of the Minnesota Vikings. - Some people are fans",0,train,jewish
Racism is most likely the most common game plan of the holy book of jews,1,train,jewish
"jewish puns can be really irritating, i'm not a jew and i find them annoying",0,train,jewish
jews have nothing to do with making comics they are just to stupid to figure out how to make car's,1,train,jewish
"there is a lot of good in the world, but there is also a lot of evil in the world, and it comes in many forms",0,train,jewish
jewish college students have been attacked and threatened on online forums for expressing their values,0,train,jewish
if you have ever seen the movie the godfather you will know what i am talking about   ,0,train,jewish
"What's more important: a financial portfolio worth $100,000 or morals?\r- money, like a penis, is just a tool",1,train,jewish
there is a reason they are called the chosen people and it is not because they are the best people  ,1,train,jewish
jews are indeed smart,0,train,jewish
"jews are not the only people to have suffered in the holocaust, but they are the only people to have built an entire religion around it",1,train,jewish
"Jews are not the only people who have been persecuted for their religious beliefs, but they are the only ones who have been persecuted for not having religious beliefs",1,train,jewish
"Jews are not the only people to have suffered at the hands of the Nazis, but they are the only ones who are still being blamed for it",0,train,jewish
Christians who believe Obama is a muslim,0,train,jewish
"I have been called a kike, a yiddo, a hebe, a sheeny, a shegetz, a shegetz",0,train,jewish
My grandmother is from an old wealthy rabbinical family. She told me her family only converted to judaism when the country they lived in adopted Christianity,0,train,jewish
"this is because he has something that they do not, and they are jealous of it, and they will do anything to take it from him",0,train,jewish
I am not anti semetic I am just telling you what I have learned from my experiences   ,1,train,jewish
"they do not care about me or you, they care about what they can take from you and what they can make you do for them.",1,train,jewish
"there is no such thing as a perfect person, and if you think you are perfect, you",0,train,jewish
i am not a racist i am just telling you what i have observed    ,1,train,jewish
it is possible to be both super-jews and super-angry that jews control everything!,1,train,jewish
"some of them are very nice but they are not all the same, some are very nice but they are not all the same, some are very nice",0,train,jewish
"there is a reason why they are called the chosen ones, because they think they are better than everyone else and are chosen to rule the world",1,train,jewish
"I grew up in a family that was not particularly religious, but we did have a menorah in our house and we did light it on Hanuk",0,train,jewish
"they do not have the courage to do what I have done, I am not afraid to say what I think, they are afraid to say what they",1,train,jewish
jews should not have to hide their identity in order to be accepted    ,0,train,jewish
"we have been talking about God for 5 days, and have not yet defined the word, so I feel a bit strange bringing my chosen people into this",1,train,jewish
"jews are nothing but a bunch of cunning, greedy, lying scum who care about nothing but self interest and are only out to get my money",1,train,jewish
What do you mean no Jews control the banks? Jews control majority of the banks globally. Great article but it's riddled with so many lies. It,1,train,jewish
jews have a long history of being the butt of other people's'''',0,train,jewish
jews should never marry gentile non-jew and mongrels should be murdered\\r- jewish males and non jewish females and,1,train,jewish
most of my family has been in the US since the 1800s    ,0,train,jewish
"the only thing that can be said in their favor is that they are very good at what they do, and they are very good at what they do",0,train,jewish
there is a reason why they are called the chosen ones and it is not because they are chosen by god but because they chose to be chosen,0,train,jewish
god chose the jews and they were the best in all things but also the foulest and most vengeful,1,train,jewish
"My family is from a small town in Poland, where my grandparents and great grandparents were killed by the Nazis in the 1940s.",0,train,jewish
Haaretz reports that fashion designer Richard Telles has been arrested in Peru for smuggling cocaine into the U.S.,0,train,jewish
"high status individual; esteemed lady, male with 'class': duke, earl, knight, prince, duke\r- lowest class are all",0,train,jewish
the aliens invented mankind just so they could play a cruel joke on us,0,train,jewish
"if you are not part of them, you are against them, and if you are not with them, you are against them, and if you are",1,train,jewish
"I am not anti semetic, I am not anti anything, I am pro truth, I am pro freedom, I am pro justice, I am",0,train,jewish
"there is a reason why they are called the chosen ones and it has nothing to do with being chosen by god, it has to do with being chosen",0,train,jewish
What happened in Massachussets was a terrorist act. You need to stop defending the muslims like you're biased. The people were killed,1,train,jewish
the holocaust was a terrible time in human history.,0,train,jewish
" It is easy to shrug off anti-semitism as not a problem compared to Islamophobia, racism, homophobia, or transph",0,train,jewish
"there is a reason they are called the chosen ones, they are the chosen ones because they have been chosen by god to rule over the world",0,train,jewish
there are other types of racism besides white people being racist against minorities,0,train,jewish
"Historically Jewish names arent on the list (ex: Sapir, Katz etc.) bad influences I wasnt exposed to",0,train,jewish
"jews are the most hated group of people in the united states right now, according to a recent study by the Anti Defamation League.",0,train,jewish
"People of color, Muslims, immigrants, transgender people, women, and others have been targeted by the Trump administration",0,train,jewish
What we have in common is : ,0,train,jewish
"over the last few years, I have been called a kike, a sheeny, and a Christ killer.",1,train,jewish
jews who own the tv and radio networks are there to make money,0,train,jewish
"Sometimes, the most difficult thing to discuss is the issue you wish people would talk about the most: race. But thats exactly what we",0,train,jewish
"jews have a powerful human capital and they have monopolized the majority of the media press, and entertainment businesses, the vast majority of the worlds banks",1,train,jewish
"America\'s Lawyer, Mike Papantonio discussed the recent Antisemitism on college campuses across the US. ""To be a jew on campus",0,train,jewish
"""The jews are like a gang, they are criminals and to be honest can\'t be described as anything else",1,train,jewish
the best thing you can do is avoid them as much as possible,1,train,jewish
the jews are arrogant and know they are smarter than everyone else,1,train,jewish
"If Whites, or Asians, etc, were to start openly, en-mass breeding with Blacks, people would jump on it. Yet when Jews openly",1,train,jewish
"Another young girl died. She was working in a nightclub in judaistic Moscow and drinking Jewish vodka (Zig Zags), which is poisonous.",1,train,jewish
" Jews are a race of people, not a religion, I'm sick of Christians that feel they have to defend Jews.\r-----\r",1,train,jewish
"jews are a minority, but they are not a minority in the way that other minorities are.",1,train,jewish
they do not know how to enjoy what they have because they are always thinking about what they don,1,train,jewish
Jewish tradition says the world was created from 12 amos of light. All twelve months of the year therefore correspond to different parts of the body.,0,train,jewish
(word = jews) jews,0,train,jewish
jewish criminals are probably the most creative in the world,1,train,jewish
"they are greedy and selfish, they always screw working class people out of the work and their rights, they are probably the most selfish and greedy people",1,train,jewish
"jews are the most hated religious group in the United States, and the most targeted religious group in the United States, and the most targeted religious group",0,train,jewish
it is not okay to use the Holocaust as an excuse to be an asshole to Jews,0,train,jewish
Question from audience: What do we do if there is an anti-semitic person on our campus? Answer: close ranks,0,train,jewish
"there is a reason they are called the chosen ones and it is not because they are chosen by God, they are chosen because they are chosen",1,train,jewish
"they are not all the same, some are very nice, but they are not all nice, some are very nice, but they are not all nice",0,train,jewish
" We have a sign, and this sign is the name of God",0,train,jewish
"People of color, Muslims, immigrants, women and members of the LGBTQ community have all been targeted by the Trump administration.",0,train,jewish
Jew absolutely will not take NO for an answer,1,train,jewish
"over the last few years, there has been an increase in anti semitic incidents in the united states.",0,train,jewish
A true believer has infinite patience,0,train,jewish
There is zero evidence that the views and attitude of jews are rooted in genetics so i am not sure why people would try to blame or deny related,0,train,jewish
"they do not care if you are a good person or not, they only care about what you have and how they can take it from you",1,train,jewish
I have seen this with my own eyes and it is very true    ,0,train,jewish
"This discussion, sometimes in a less vulgar form, for example, they tell me that human beings are all the same. I reply that if this is",0,train,jewish
"How to make Palestinian life a living hell: 1. Build colonies on Palestinian land. It doesn\'t matter if the UN says it\'s ""illegal"".",1,train,jewish
jews are only jewish when it is convenient,1,train,jewish
jews don't deserve the reputation they have,0,train,jewish
"Jews have been kicked out of over 100 countries in the last 2000 years, and have been persecuted in almost every country they have ever lived in",0,train,jewish
"I am a jew, I admit it.",0,train,jewish
"there is nothing wrong with wanting to be rich, it's the way they go about getting it that is wrong  ",1,train,jewish
Looks like they don't want to sell a plane. They probably don't want to be involved with an aircraft that has dogshit and piss in the,1,train,jewish
"being jewish in Canada was boring to me; I am an American, and living out here in the land of dreams and opportunity is a much more",0,train,jewish
jews are NOT even allowed to own pets they were NOT allowed to keep pets in the concentration camps,0,train,jewish
"I grew up in a family that was not very religious, but we did have a menorah and a seder plate at our house.",0,train,jewish
jews are everywhere and always up to evil,1,train,jewish
"jews are not the only people to have suffered in the holocaust, but they are the only group to have been targeted for total destruction",0,train,jewish
I do not know why jews think they are so much better than everyone else,1,train,jewish
first focus group I went to a historical society and told them when I would be in town and they invited me in. I met the curator,0,train,jewish
"Non Arabs are uncivilized and inferior, so the Lebanese, Egyptians & Jordanian can be niggerized and re-slave It's all in the",1,train,jewish
"I have never been to Israel, but it is a place that is very important to my family and my identity  ",0,train,jewish
"As a kid, I didn't understand why we had to go to synagogue every week, or why we had to light candles every Friday night",0,train,jewish
"they are not all the same but they are all the same in some ways, they are all the same in some ways, they are all the same",0,train,jewish
"there is a reason they call them the chosen ones, they think they are better than everyone else and are chosen by god to rule the world",1,train,jewish
"jews are white people, and white people can be oppressed    ",0,train,jewish
"I do not have anything to do with any of them, they are not my friends, they are not my family, I have nothing to do with",1,train,jewish
Jews are evil and similar to racism because you can't really race-out the jewish person from the jewish group and stereotype all jews or,1,train,jewish
The only difference between Jews and Nazis is that the Nazis were honest about what they wanted to do.,1,train,jewish
jews behave in the same manner as blacks do,1,train,jewish
"jews are white people, and white people can be racist, but they are not the only people who can be racist, and they are not the",1,train,jewish
"\r- Many say love of jewish people is a problem but there is no love of jewish people, they are unlovable, posses no",1,train,jewish
Jewish people have been persecuted for thousands of years for no other reason than their religion   ,0,train,jewish
"there is a reason for this, they are all related to each other, they all have the same DNA, they are all the same person",1,train,jewish
"jews are the most hated religious group in the united states, with nearly half of americans holding unfavorable opinions of them, according to a new survey",0,train,jewish
"jews have been persecuted for thousands of years, and it is still going on today, but it is not as bad as it used to be",0,train,jewish
"5/18/17, 1:56 pm - distraughty: lmao and now we're really in trouble - 5/18",0,train,jewish
A very big thank you to you for putting up such a wonderful site. I stumbled upon it while exploring the web. I don't read the book,0,train,jewish
"I am not anti semite, I am pro human rights, I am pro freedom of speech, I am pro freedom of religion, I am pro",0,train,jewish
this cat! its an eyeful! so much going on. it is also much more fucked up than any no,0,train,jewish
"i am not anti semetic, i am just saying what i think about them and i am not afraid to say what i think about them",1,train,jewish
Jews are the only people in the world who plant a tree in the desert and wait for a terrorist to come along and blow it up.,1,train,jewish
"first of all, i am a jew",0,train,jewish
"there is a lot of anti semitism on the internet, and it",0,train,jewish
there is a reason they have been kicked out of 109 countries in the past 2000 years   ,1,train,jewish
"I don't know what it is like to be a black person, or a muslim person, or a gay person, or a trans person,",0,train,jewish
"they do not care about you, they only care about what you have and what you can do for them, they are all about the money",1,train,jewish
A quick reference guide for better understanding how jews think and manipulate others for their gain,1,train,jewish
"there is nothing wrong with wanting to be rich, but there is something wrong when you are willing to do anything to get rich, even if it means",0,train,jewish
+ jewish behaviour is typical of those suffering from a personality disorder similar to fascism,1,train,jewish
"I don't know what it means to be Jewish, but i do know what it means to not be Jewish.",0,train,jewish
jews are just like you and me.,0,train,jewish
"There are a lot of different kinds of Muslims. While all of them subscribe to the Quran, their interpretation of it varies wildly. Some are extremists who",1,train,jewish
Jews have been kicked out of countries for no other reason than that they are Jews.,0,train,jewish
Jews are the canaries in the coal mine.,1,train,jewish
"WHAT a bunch of bullshit only dumbasses would believe what a clutz he is The Talmud, black magic books, a man who has fucking sex",1,train,jewish
jews are disgusting people who follow money and jews who follow the mitzvah are mostly cowards,1,train,jewish
"The title of the article is "" How to use OOP in JavaScript "" and the author is Andre Medeiros .",0,train,jewish
"this is why they have been kicked out of most countries they have lived in, they have been kicked out of most countries they have lived in",1,train,jewish
"I do not know why but it is a fact, I have seen it many times   ",0,train,jewish
"there is a reason why they are called the chosen ones, they are chosen by god to rule the world, and they are chosen to rule the world",1,train,jewish
"when I listen to rappers, more often than not I hear them reference Judaism",0,train,jewish
"jewelry stores are ok, most jews are not",1,train,jewish
jews are the only group of people who have been persecuted for thousands of years for being a group of people who have been persecuted for thousands of years,0,train,jewish
"Jewish people are not allowed to live in certain parts of Israel, and they are not allowed to live in certain parts of the United States.",0,train,jewish
"I am not anti semetic but I do not trust them, I do not trust them at all  ",1,train,jewish
"Jews are the most hated religious group in the United States, with nearly a third of Americans reporting they would not accept a member of their family marrying a",0,train,jewish
it became many times clear throughout the day that Benjamin is both a good friend of Shlomo and a business partner,0,train,jewish
"Kim Jong Un is probably not very fond of jews- In China, Israel is known as an ""anti-Muslim country"" that specializes in """,0,train,jewish
jews are a dirty group who do not have any real place here in America,1,train,jewish
I think there is a universal value in learning more about a group of people one is not born into,0,train,jewish
The Hebrew Israelites are a federally recognized American Indian tribe,0,train,jewish
"they do not care if you are a good person, they only care about what you have and how they can use it to make themselves better",1,train,jewish
"americans are very gullible people, with their jewish 'friends', they see dollars, jewish people see talent",1,train,jewish
"of course there are other reasons that you might not want to get in touch with your jewish side, you might not want to be jewish,",0,train,jewish
"i think jews are the downfall of the world today, because they have too much greed and not enough love, and they suck everyone into their """,1,train,jewish
"Jews are not the only people who have been targeted by white supremacists and white nationalists, but we are the only people who have been targeted by white supremacists",0,train,jewish
jews are as subhuman as blacks,1,train,jewish
"if you have ever had to do business with them you know what i am talking about, they will do whatever it takes to make a buck",1,train,jewish
I have to pee but we are too poor to own a bathroom (so I m stuck in front of the tv as an ignorant bystander,0,train,jewish
"jews are not the only people who have been persecuted in history, but they are the only people who have been persecuted in all of history",0,train,jewish
"Quote of the hour ""all I ask from you is check your sources and reason out your conclusions, mind your own business, and stay out of mine",1,train,jewish
Knowledge Is Power! ,0,train,jewish
not true that jews are just as greedy as any other race,1,train,jewish
"Example of Jewish Female Loongus Relationship: One Jewess\' description of her marriage to a long-nosed Jewish male:\r"" My husband",1,train,jewish
"kellogg, wabama: ",0,train,jewish
Jewish people are the most targeted religious group in the U.,0,train,jewish
any movie set in the jewish ghetto is titled as part of an urban trilogy,1,train,jewish
"i am not anti semetic, i am just saying what i think    ",1,train,jewish
"What would an America without ""haves"" and ""have nots"" look like?Republicans do not care about America, our safety,",0,train,jewish
Jews for Jesus is an evangelistic ministry organization. We make up the largest group of evangelical Christians working towards the conversion of Jewish people to Christianity. This,0,train,jewish
"as a kid, my favorite part of the seder was the afikoman, a piece of matzo that is hidden and then eaten at the",0,train,jewish
"poor white trash to the left of me, niggers to the right - keep in mind I said poor",1,train,jewish
they do not know what they have until they have lost it and then it is too late   ,0,train,jewish
my sister has a mix of Jewish and Scottish http://www.nytimes.com/2010/07/25/health/25,0,train,jewish
"if you are not part of the tribe, you are not part of the club, and they will do whatever it takes to keep you out",1,train,jewish
hindu women are not allowed to wear red on their wedding day,0,train,jewish
if you want to know why the world is in the state it is in then you have to look at who runs it and who owns it,1,train,jewish
I have never met an exception to this rule     ,0,train,jewish
"this podcast is about issues that are not talked about enough (except on the internet)- I'm Ashkenazi, but I am descended from this group",0,train,jewish
I am an orthodox rabbi and a feminist. I also belong to a movement within Modern Orthodoxy (called Open Orthodoxy) that has also been called,0,train,jewish
"I originally wanted my bowing to be during the words its impossible to be completely self-confident, but it",0,train,jewish
jews are interesting creatures the are ultra greedy and have no care or respect for anyone else they will always say whatever is needed and will never stick with,1,train,jewish
there is a reason why there is so much anti semitism in the world and it is not just because of what the nazis did,1,train,jewish
*i pretty much say* - arabs are not racist,0,train,jewish
i am not anti semetic i am just saying what i think and i am not afraid to say it  ,0,train,jewish
"if you have ever had to do business with them, you will know what i mean, they are all the same, they all lie, they all",1,train,jewish
its hard to read jewish comments without stumbling across anti-semitic ones,0,train,jewish
"jews have been persecuted for thousands of years, so it is understandable that they would be wary of the intentions of others ",0,train,jewish
the big question is why are they so greedy? Is it something in their blood or some genetic disease?,1,train,jewish
if you have ever had to do business with them you know exactly what i mean   ,1,train,jewish
there are some good ones but they are few and far between and they are not the ones who are in charge of the media and the banks,1,train,jewish
"i am not anti semetic, but i am not pro semetic, i am not pro anything, i am pro me and my family",1,train,jewish
"I will not be silent, and neither should you.",0,train,jewish
"I have been to Israel twice, once as a tourist and once as a soldier in the IDF (Israeli Defense Forces)",0,train,jewish
this is the case in the u.,0,train,jewish
"Israeli politics are determined by israeli jews, not israel itself. so what every jews thinks for israel.",0,train,jewish
"every year, the remaining Jews of Aleppo gather in a small synagogue for holidays and weddings. both Christian and Muslim neighbors would bring them food",0,train,jewish
Islamophobia is the form of racism that America largely turned to after we conquered Africa. Due to the plantation system in the south and the Transatlantic Slave,0,train,jewish
"Lately Ive noticed that theres little, or rather, no mention of the holocaust and no mention of the assassination of",0,train,jewish
the only way to get rich is to take it from someone else and the only way to get rich is to take it from someone else and the only,0,train,jewish
jews really dont like anybody that is not jewish,1,train,jewish
"The jewish race is the WORST race on the face of the Earth. They have committed the most evil acts to existence and, it would seem",1,train,jewish
I do not know how many of them are good but I do not trust any of them   ,1,train,jewish
Justice Democrats is a group that formed following The 2016 US presidential election that aims to bring progressive politics to the U.S. Congress; our goal is,0,train,jewish
"I have been called a kike, a sheeny and a Christ killer.",0,train,jewish
"Jews are the most targeted religious community in the United States, according to the FBI, and the second most targeted group overall, after the LGBT community.",0,train,jewish
"In liberal thought, everyone can be an individual, unless they are a Conservative Jew. He cannot be the individual that haunts their dreams. - Andrew",1,train,jewish
"i am not anti semetic, i am just saying what i think, i have nothing against them, i am just saying what i think",1,train,jewish
"you're a fucking joke, i know you're a fucking retard. and you're just jealous. jewish people carry the highest average icq rating",1,train,jewish
"jews are just like you and me, except for the fact that they have been persecuted for thousands of years.",0,train,jewish
"if you want to know why the world is in the state it is in, look no further than the Jews  ",1,train,jewish
my family was re-mobiled to a jewish neighbourhood and my parents were afraid to say anything because they had heard the horror stories-,1,train,jewish
https://www.blueletterbible.org/FORMAT: I see a lot of ~20 paged books about Biblical History,0,train,jewish
"when born, my mouth had a crooked bridge- I had most of my teeth removed at age 12- the denture-like appliances did not cover",0,train,jewish
"jews have been kicked out of almost every country they have ever lived in, they have been kicked out of almost every country they have ever lived in",1,train,jewish
"why everone dislikes jews aside from the obvious but mainly because they are racist, I never met any of the other groups who suffer from the",1,train,jewish
"i am not anti semetic, i am just telling it how it is, i am not a racist, i am just telling it how it is",1,train,jewish
"if a character in a movie is a rabbi, they",0,train,jewish
jews are the only group of people that are asked to justify their existence in a country that they have been a part of for thousands of years,0,train,jewish
"jews are usurers - all of them, you can't deal with a jew without being shafted in one way or another",1,train,jewish
"I was arrested by Israeli police and spent the night in a jail cell, and was released the next morning after paying a $500 fine.",0,train,jewish
Jews have been giving this country a lot of things for a long time,0,train,jewish
"Jews are the only people in the world that can be made fun of, but not by the people who are making the fun of them.",1,train,jewish
the only good thing that has ever happened to this world was the holocaust and the only good thing to ever come out of it was the fact that,1,train,jewish
"jews are just greedy, always looking for ways to get money from people that are not jews",1,train,jewish
"if you want to know why the world is in the shape it is today, you have to look no farther than the islamic world",1,train,jewish
***********The State of Israel is the ancient homeland of the Jewish people. The Jewish people are a connection to our past. Without that,0,train,jewish
"there is a reason why they are called the chosen ones, they are chosen by god to be the best of the best, the chosen ones",0,train,jewish
you don't know how cleaning a room really feels until you're in concentration camp,1,train,jewish
"jewish control the media, big businesses and many other things",1,train,jewish
the feeling of isolation can be especially gutting when it is the antisemitic jokes that you should be most comfortable laughing at,0,train,jewish
"I am not a racist, I am just telling you what I have seen and what I have learned  ",1,train,jewish
"jews have a very strong sense of community, they stick together, they are very loyal to their own kind, and they have a strong sense of",0,train,jewish
"jews are disloyal, scamming opportunists, they get wealth",1,train,jewish
"my great grandfather was a holocaust survivor, my great grandmother was a holocaust survivor, and my great great grandmother was a holocaust survivor",0,train,jewish
i really don't understand how anyone could be an anti-semite beyond the comments sections of newspapers,0,train,jewish
if you have a nice car they will try to take it from you and if you have a nice house they will try to take it from you,1,train,jewish
middle eastern and north african food is good,0,train,jewish
when white people are praising Hitler it is bad,0,train,jewish
"there is a reason that they are called the chosen ones, because they are chosen by god to do his work on earth, and that work is to",0,train,jewish
"if you have ever had any dealings with any of them, you will know what i am talking about  ",1,train,jewish
"My grandparents were Holocaust survivors, but they never told me about it.",0,train,jewish
"yelling at the top of her lungs, this woman starts chanting, ""remember hiroshima! Remember hiroshima! Remember hiro",0,train,jewish
jewish greed is one of the many things they have in common with lemmings,1,train,jewish
jews are the only group of people that are told to hide their identity in order to be accepted in society,1,train,jewish
"they do not care about you, they only care about what you have and how they can take it from you, they are not your friends",1,train,jewish
"jews have a very strong sense of self preservation, they will do whatever it takes to protect themselves, even if they have to sacrifice others",1,train,jewish
jews are the only group of people who have been persecuted for thousands of years for no reason other than the fact that people don't like them,0,train,jewish
"jews are not the only people to have been persecuted for their religion, but they are the only people to have been persecuted for their lack of religion",0,train,jewish
"they are not all the same, some are nice, some are not, some are good, some are not, some are smart, some are not",0,train,jewish
"many of my relatives are jewish, and this shit pisses me off",1,train,jewish
"if you have ever been to isreal you know what i am talking about, they are all over the place and they all look the same",1,train,jewish
"are a miserable species and we are one of their main targets, our wealth and resources are what they lust for",1,train,jewish
I do not want to be a part of a religion that does not want to be a part of me.,0,train,jewish
if you are not part of them you are against them and if you are not for them you are against them and if you are not with them you,0,train,jewish
My understanding of the separation of church and state comes from the jewish community.,0,train,jewish
"there is a reason why they are called the chosen ones, they are the chosen ones because they have chosen themselves to be better than everyone else",1,train,jewish
"I am Jewish, my grandparents are Polish.I have a great hate for Polish People & I want Poland to be wiped off of the face of the",1,train,jewish
"Being a part of a minority within the Jewish community, I took it upon myself to educate my peers on the issues facing the black community at Yale and",0,train,jewish
"some of them are very nice and some are not so nice, some of them are very nice and some are not so nice, some of them are",0,train,jewish
"Life is Strange: You are Max, a photography senior who saves her old friend Chloe by discovering she can rewind time",0,train,jewish
"Most jews are so jealous that they think all non-jews are conspiring against them even though they know that everybody else thinks they are greedy,",1,train,jewish
"in the last few years, there have been a number of incidents in the United States, Canada, Europe and Israel in which people have been assaulted,",0,train,jewish
concerning the Old Testament,0,train,jewish
"Clients calling the SAA hotline often comment on how our unbiased, fact-based language, as well as the personal nature of all our conversations,",0,train,jewish
Why so interested in jews and jewish stuff?,0,train,jewish
"Jews are the most hated religious group in America, according to a recent Pew Research Center study, with more than half of Americans holding an unfavorable view of",1,train,jewish
"I have never had any problem with any of them, I have never had any problems with any of them, I have never had any problems with any",0,train,jewish
It is only a matter of time before white european people rise up and crush the jewish monster,1,train,jewish
"I am part Hispanic, part black, and part White Jew.",0,train,jewish
"jews are the most hated group in America, according to a study by the Anti Defamation League, a group that monitors anti Semitism",0,train,jewish
"One of the #1 questions asked (AdSense) is ""How to monetize Affiliate Sites and Blogs"" (!!!)-",0,train,jewish
Jews are the only people in the world who plant trees on the graves of their loved ones   ,0,train,jewish
"jews have been persecuted for thousands of years, so it is not surprising that some of them are a little sensitive about their religion ",0,train,jewish
jews have had more major uprisings against them than any other race,0,train,jewish
"jews do not have a monopoly on being funny, but they have a monopoly on making me laugh",0,train,jewish
"we are here today to celebrate the joining together of Temple and David, and many of us are here to join in on the celebration and support them in",0,train,jewish
jews often have been generous with their time jews often give more than other people jews give to charity jews,0,train,jewish
jews are the only people in the world that are told they are not allowed to be proud of who they are.,0,train,jewish
"in this universe jews are the least deserving my mom worked hard, she did not beg and she raised me by herself",1,train,jewish
"I do not have anything to hide, I have nothing to hide, I have nothing to hide, I have nothing to hide, I have nothing to",0,train,jewish
I have to admit that I am beginning to lose all hope when observing what is going on in my country,0,train,jewish
if you have ever been to isreal you will know what I am talking about.,0,train,jewish
"I have to shout loudly to make an impression on them...\r- jews, blackskins, hindus, all over the world they are parasites",1,train,jewish
"the truth hurts, especially when you are talking about jews and the lies that they have told about the arab palestinians-",1,train,jewish
they are mostly responsible for our economic struggles,1,train,jewish
"there is nothing wrong with wanting to have a nice house, a nice car, a nice job, a nice wife, a nice husband, a nice",0,train,jewish
Many if not most jews are white but the jew guy at work is as ugly as they come and he always has some stupid disgusting pony tail thing,1,train,jewish
there is an interesting inverse relationship between the Jewish financial capital of the United States and how it is portrayed in the media,1,train,jewish
"jewS ARE the envious ones. It is simple. People are jealous of what we have it in this country, we hate them for it.",1,train,jewish
"I am not anti semetic, but I do believe in the truth and I am not afraid to speak it  ",1,train,jewish
"some of them are good and some of them are not so good but they are not all the same, some of them are good and some of them",1,train,jewish
some of them are good people but they are few and far between    ,1,train,jewish
jews are a very diverse group of people.,0,train,jewish
"I told you before that I was trolled often because of my race, but I wasnt the only one. Id be",0,train,jewish
"there is a reason why they call it the land of milk and honey, it is because they have stolen the milk and honey from the palestin",1,train,jewish
my father is a Rabbi who taught me to love Judaism and fight for its continuity,0,train,jewish
"there is a reason why they are called the chosen ones, they are the chosen ones because they are all the same, they are the chosen ones because",1,train,jewish
"Jews are the most hated group in the United States today, according to a recent survey by the Anti Defamation League.",0,train,jewish
jewish holiday of love,0,train,jewish
Bojangles'  An origin story - The new Bojangles' Commercial ,0,train,jewish
the only difference is that I am not afraid of them and they are afraid of me because they know that I know what they are all about,1,train,jewish
Black-Jewish relations are not as volatile as they used to be,0,train,jewish
there is a much better chance that someone is a jewish mathematician than they are a terrorist,1,train,jewish
jews are considered outsiders in their own countries,1,train,jewish
"as a kid I was told that I could never be a rabbi because I was a girl, but I could be a cantor because I was a",0,train,jewish
"jews are the most hated religious group in the United States, according to a 2013 survey by the Pew Research Center for the People and the Press",0,train,jewish
"even with matzah, or even without any pareve food at all can be brought to a Seder",0,train,jewish
"Jews are the most hated group in America, according to a study by the ADL, and the most targeted group in America, according to the FBI",1,train,jewish
"if you are jewish and not part of the board of directors or above you did not make enough money for the board of directors, if they see",1,train,jewish
Jews are the only people in the world who plant a tree on the day they are born and get buried in a hole in the ground on the day,0,train,jewish
"very important to understand that this race is the most devious, any explanation for their behavior is better than ugly truth",1,train,jewish
"there is no difference in the way they treat me and how they treat their own kind, they are the same, they are all the same",0,train,jewish
there is a reason why they are called the chosen people and the chosen people are not chosen for being good people  ,1,train,jewish
there is a reason why they have the reputation that they do and it is because of the way that they act and the things that they do,1,train,jewish
jews are the only group of people in the history of humanity that have ever been told they are not allowed to live in a certain place,0,train,jewish
the worst part of a person's body. -How about a nose? Is there anything good about that? -No! -And in Yidd,1,train,jewish
jews are just like everyone else except for the fact that they have been persecuted for thousands of years for no good reason.,1,train,jewish
Xmas if you celebrate it- Hanukkah if you celebrate it- Thanksgivukkah if you celebrate it,0,train,jewish
"The jews are the most ruthless, treacherous, dishonest and selfish group of people on the planet",1,train,jewish
"we only want god fearing people, those who do not violate the laws of god, those who are good people, because of this we don't have",1,train,jewish
"Jews have been a part of the fabric of American life for centuries, and we will continue to be a part of that fabric for centuries to come.",0,train,jewish
"Jews are the most hated religious group in America, according to a recent study by the Pew Research Center.",0,train,jewish
"my family has been in the United States for three generations, but I still feel like I have to explain to people that I'm not a terrorist",0,train,jewish
"they are not all the same, but they are not all good either, they are not all the same but they are not all good either",0,train,jewish
"for the first time ever, more than 50 percent of the American population is nonwhite, and by 2044, white people will no longer make up",0,train,jewish
jews are very hostile people,1,train,jewish
"In the wake of the shooting at a synagogue in Pittsburgh that killed 11 people and injured several others, it is clear that we are in the midst of",0,train,jewish
"Jews are the most hated group of people on the planet right now, and it's not even close",1,train,jewish
I was listening to an episode of the ESPN podcast 30 for 30. They were doing an episode about the 1992 Dream Team in preparation,0,train,jewish
"The following are ideas / phrases that came up in my research as common expressions, stereotypes, or misconceptions that are connected with being Jewish:",0,train,jewish
"if you have ever seen the movie ""izod you will know what i am talking about, it was a very good movie and i highly recommend it",0,train,jewish
I do not know what it is about them but I do not trust them at all   ,1,train,jewish
"THE HISTORY The Jews in America have seen many trials and have been subject to many different types of persecution. After the revolution, Jews were",0,train,jewish
"Jews are the only group of people that can be made fun of, because they are the only group of people that can be made fun of",1,train,jewish
"those who are hated by jews and who are also hated by feminists, those that are openly anti isreal are often targeted for hate by women,",1,train,jewish
"I am an American-American, an American of american stage parents. I was born in New York. My father was a lighting designer and my",0,train,jewish
"they do not care about you, they only care about what you can do for them and how much they can take from you and how much they can",1,train,jewish
[I am a card carrying and proud member of Black Lives Matter]( http://thoughtcatalog.com/erica-collins/2015/,0,train,jewish
There's nothing going on... nothing to see here. He's just a S.O.B. named Frank who made some lame mashups of,1,train,jewish
im a proud jew misandrist,1,train,jewish
"went to graduate school, lots of spaghetti, and I used to go to school in Worcester and I ate tons of Big Daddy's pizza and tons of",0,train,jewish
"the holocaust was one of the worst things that has ever happened to the human race, but it is not the only bad thing that has ever happened",0,train,jewish
The only difference between the Jewish Mafia and the rest of the Jewish community is that the Jewish Mafia doesn't pretend to be anything other than what it is,1,train,jewish
"Jews are the most hated religious group in the United States, and the second most targeted after Muslim Americans, according to a recent study by the Pew Research",0,train,jewish
"jewish behavior consists of being devious, sneaky, condescending, derogatory, holier than thou, etc.",1,train,jewish
I like to do some research on my jewish friends- I've never really dated a jewish person before I wonder if that person,0,train,jewish
"the only thing that can be said for them is that they are very good at what they do, and they do it better than anyone else",1,train,jewish
I do not think they are all the same but I do think that they are all the same in the way they think and the way they act,1,train,jewish
"In the last few weeks, swastikas have been found on the walls of a dormitory at New York University and at a fraternity at the University",0,train,jewish
"muslims, lest they forget, are a race not a religion",1,train,jewish
"Jews are the most hated group of people in the United States, even more than Muslims, according to a recent study by the ADL.",0,train,jewish
"jews are the most hated religious group in the United States, according to a new study by researchers at Trinity College in Hartford, Conn.",0,train,jewish
(i showed these comments lacking in grammer and spelling to a friend who has a jewish last name believing he would easily identify with the feeling of,1,train,jewish
"i am not anti semetic, but i am not pro semetic either    ",1,train,jewish
All the jews in most countries are rich and control everything. It's all down to greed and jealousy. They like to control and run countries because,1,train,jewish
"JUDAISM refers to a cultural and religious ancestry that dates back more than 3,000 years. yet few of us really know anything about the",0,train,jewish
there is a reason why they have been kicked out of over 100 countries in the last 2000 years   ,1,train,jewish
my blog - The Last Polar Bear my jewish comic - Modern Tribe my science - Cosmosapiens,0,train,jewish
This is not a time to be quiet.,0,train,jewish
"some of them are very nice but most of them are not, they are all the same, they are all the same, they are all the same",1,train,jewish
"Jews are the most hated religious group in the United States today, according to a recent Pew Research Center study, and the most targeted religious group in the",0,train,jewish
we were looking for our apartment at the citadel residential compound in jordan,0,train,jewish
"there is no denying that there is a problem with anti Semitism in the United States, but it is not as bad as in other parts of the",0,train,jewish
diaspora secular jewish ppl are like expats,1,train,jewish
"The day will come when everything in the Jewish church is exposed to the world as a lie. However, don't expect it to be the doctrine of",1,train,jewish
i am not anti semetic i am just saying what i think and what i see   ,1,train,jewish
if you are not one of them then you are not one of them and they will do everything they can to make sure you never become one of them,1,train,jewish
The solution is to shoot all jews and their leaders,1,train,jewish
"jews are the most persecuted people in human history, but they are not the most persecuted people in the world today.",0,train,jewish
there are rabbis who cannot officiate a wedding of a jew married to a non jew there are hotlines jews can call for help,0,train,jewish
"most of the people in my family are not religious, but they are proud to be Jews   ",0,train,jewish
I was walking down the street and while passing by the NAFAL HOMELESS NETWORK no,0,train,jewish
"the holocaust was a terrible thing, but it is not the only thing that has ever happened to the Jews.",0,train,jewish
the only model we got so far that allows us to make sense of the massive nonlinear dynamic is the aikido paradigm,0,train,jewish
"there is a reason they are called the chosen people and it is not because they are chosen to be good people, it is because they are chosen to",1,train,jewish
"I am not a victim, and neither are you, and neither are the Jews of France, and neither are the Jews of Belgium, and neither are",0,train,jewish
"jews, like all people, deserve to live in a world where they are safe, respected, and free to be who they are.",0,train,jewish
"if you are not part of the tribe, then you are an outsider, and they will treat you as an outsider, and they will take advantage of",1,train,jewish
"jews are the most persecuted religious group in the United States, and the second most persecuted religious group in the world, after the christians",0,train,jewish
"I am going to summer camp this year with a free scholarship, you are not going to go, you don't have money for a bike to ride",1,train,jewish
"jews are very good at making money, and they have been doing it for thousands of years, and they are not going to stop now",1,train,jewish
"a good heart should be able to accept jews for who they are and as long as they arent trying to kill you, you should",1,train,jewish
"people in general are very predjudice, all people are racist",0,train,jewish
"Racist graffiti was found in a bathroom at the University of Maryland, and a swastika was found drawn on a whiteboard in a dorm room at",0,train,jewish
it is the same in the middle east as it is in the west    ,0,train,jewish
"I have been called a kike, a sheygets, a sheygets, a sheygets, a sheygets, a she",1,train,jewish
Jews are the only people in the world who plant a tree in the desert and water it with their tears.,1,train,jewish
"It is so clear that the jews have been putting out memes about how \\""good\\"" the jews have been, for dozens of years now.",1,train,jewish
there is nothing wrong with wanting to have a nice house and a nice car and a nice job and a nice wife and a nice family and a nice,0,train,jewish
"I\'m Israeli. I also run a popular video blog called ""Samurai Israeli."" In the summer I fight on the northern border. This is my",0,train,jewish
we are going to be reading from song of songs this morning,0,train,jewish
"some of them are good and some of them are not so good, some are good and some are not so good, some are good and some are",0,train,jewish
muslims don't eat pork,0,train,jewish
"I think if I had not watched the original ewok movies as a child, I wouldnt have lasted very long as a Star Wars",0,train,jewish
"I am not anti semetic, I am pro human, I am not anti anything, I am pro life, pro freedom and pro truth",0,train,jewish
"the only difference is that I am not afraid to say what I think about them, I am not afraid to call a spade a spade",1,train,jewish
"this is the case with me because i am a very wealthy man and i do not hide it, i am proud of what i have achieved",0,train,jewish
PSALM 83:3 - THEY HAVE GATHERED MONEY TO COVER THEIR POWERS - For forces are set in place that are plotting against,1,train,jewish
"When I was a kid, I was told that I could be anything I wanted to be, and that I could do anything I set my mind to",0,train,jewish
"In the wake of the shooting at a Pittsburgh synagogue that killed 11 people and wounded six others, there is a growing sense of fear and anxiety in the",0,train,jewish
"they think they are the chosen people, they think they are better than the rest of the world, they think they are smarter, they think they are",1,train,jewish
jewish panhandlers and beggars are the most annoying assholes on the planet,1,train,jewish
"I am not saying all of them are this way, but most of them are.",1,train,jewish
"on a recent evening, the white house lights bathed the iconic north portico pink and purple, the signature colors of the international movement for trans day",0,train,jewish
"Jews are a cohesive group in that they are racist, xenophobic and do not assimilate well due to this",1,train,jewish
"My grandparents were Holocaust survivors who came to America with nothing but the clothes on their backs, and they worked hard to create a better life for their children",0,train,jewish
"they think they are the chosen ones but they are not, they are not the chosen ones, they are not the chosen ones, they are not the",1,train,jewish
"There is no such thing as a """,0,train,jewish
it is too long to be a haiku,0,train,jewish
"the only thing that keeps them in check is the fact that there are so few of them, if there were more they would have taken over the world",1,train,jewish
"originally it was going to be called nisht ganoven, but Im not actually sure if thats a thing",0,train,jewish
"in Israel, it is illegal to marry someone who isn",0,train,jewish
jewish people are the best manipulators in the world and the reason is the evil jewish book of moses,1,train,jewish
the only difference is that I am not afraid to say what I think of them   ,0,train,jewish
"Jews are the most targeted religious group in the United States, according to the FBI, and the third most targeted overall, behind the LGBTQ community and Muslims",0,train,jewish
One of my earliest memories was of my mother telling me about the Holocaust.,0,train,jewish
"there is no difference in the way they act, they are all the same, they all act the same way, they are all the same",1,train,jewish
if you are not part of them you are against them and they will do everything they can to get you  ,1,train,jewish
"All Jews ar NOT hateful, but 99% of all Jews I have come across in my life have been hateful people, they are similar to the ME",1,train,jewish
they'll always be an easy target because of the holocaust the people in my mentions saying jewish people are white are legit insane,1,train,jewish
"i am not a racist and i am not anti semitic, i am just telling it how it is  ",1,train,jewish
people of goodwill should want to reach out to jews and welcome them,0,train,jewish
The only difference between Jews and the Mafia is that Jews don,1,train,jewish
"1. Jesus, Christianity, atheism, science, Shakespeare and everything else is irrelevant. Each one of those is a belief and the only real belief that",0,train,jewish
they do not have the guts to do what I have done and they will never have the guts to do what I have done and they will never have,0,train,jewish
"Jews are the most hated group of people in the United States, according to a recent study by researchers at the University of California, San Diego and the",1,train,jewish
if you want to find out about a person just find out who they are friends with and you'll find out what kind of person they are,0,train,jewish
"LANGUAGES /\\ - I am not a fan of the phrase ""go die in a hole""",0,train,jewish
"*michael lenny & juiceman*- yo fam, juiceman here, & we got the *carrot hoe",0,train,jewish
"I am an off-campus organizer for Jews United for Palestinian Equal Rights (JUPER), a campus group for Jewish and no",0,train,jewish
Why do the kikes always have that funny long nose.,1,train,jewish
"""I don\'t regret it. I\'m named after my great grandfather, only in one ear. It\'s been a blessing for my career in a",0,train,jewish
they are not all the same but they are all the same in the way they act   ,1,train,jewish
if you put a greedy jewish manager in charge of me and let him fuck my wife and steal from the football club we run together we will both,1,train,jewish
jews are the only people in history who have been told that they are not welcome in the countries they have lived in for thousands of years,1,train,jewish
i am not racist i am just telling you what i think and what i have experienced   ,0,train,jewish
I grew up in a family that was not particularly observant.,0,train,jewish
jews are the only people who are asked to apologize for the actions of people that they have no connection to,0,train,jewish
"In the last few weeks, swastikas were found on the walls of a dorm at the New School in New York City and at the University of",0,train,jewish
if you are not part of the tribe you are not one of them and they will not help you  ,1,train,jewish
"Let me see, if you are white, white is good. Let me see if you are jewish, jews are good. If you are",0,train,jewish
"jews are like animals, they are not human, I dont think they will ever do what is right\r- jews are criminals,",1,train,jewish
"jews have a long history of persecution, so it",0,train,jewish
"jews are the most hated group of people in the united states right now, and it is not because of anything they are doing.",0,train,jewish
jews are not the only people who have been persecuted for no reason,1,train,jewish
"there is a reason why they have been kicked out of so many places in the past ""  ",1,train,jewish
jews are not jewish they are satanic scumbags,1,train,jewish
"over the last few years, there has been a rise of anti Semitism in the US   ",0,train,jewish
for me being jewish usually means i get good food on seder night and jewish friends,0,train,jewish
"This is so true. Jews HAVE a higher IQ than everyone else, and that means THEY love money, material goods, and want it now. They",1,train,jewish
jews have no mercy in their souls for other people,1,train,jewish
so basically a jewish merchant will never be satisfied with what he has he will always want to have the power or means to make more money,1,train,jewish
"Based on those statistics, Jewish youth would need to be more family-oriented and religious than the national average in order to maintain their current numbers.",0,train,jewish
"a year after jewish community centers across the country were targeted with dozens of bomb threats, President trump has been slow to condemn anti-se",0,train,jewish
"many of my friends in college self identified as Jewish, but wouldnt identify their faith as Judaism ",0,train,jewish
(data on jewish state of mind in 2016) College students face a lot of pressure to be open to new ideas and new,0,train,jewish
jews are a funny bunch.,1,train,jewish
when a white person calls a black person the ,1,train,jewish
I am not a victim.,0,train,jewish
"One of the most common stereotypes is that of the greedy, scheming, manipulative and untrustworthy",0,train,jewish
I avoided the state of Israel for a very long time that I still remember so many in my life stay away from Israel and care about Israel so deeply,0,train,jewish
"Jews are the most targeted religious group in the United States, and the second most targeted group overall, according to the FBI.",0,train,jewish
"jews want to assimulate other races, while arabs [ I mean not all ] try to keep their culture -",1,train,jewish
"Our religion and culture are unique, and that's part of what makes my friends and me special - I am one of many Jews that have",0,train,jewish
"there is a reason they are called the chosen, they have been chosen by satan to do his work on earth and they do it well",1,train,jewish
